insert into ref_userrole(roleid, rolename, rolesysname, description) values
(1, 'role name 1', 'rolesysname1', 'description 1'),
(2, 'role name 2', 'rolesysname2', 'description 2'),
(3, 'role name 3', 'rolesysname3', 'description 3'),
(4, 'role name 4', 'rolesysname4', 'description 4'),
(5, 'role name 5', 'rolesysname5', 'description 5'),
(6, 'role name 6', 'rolesysname6', 'description 6'),
(7, 'role name 7', 'rolesysname7', 'description 7'),
(8, 'role name 8', 'rolesysname8', 'description 8'),
(9, 'role name 9', 'rolesysname9', 'description 9'),
(10, 'role name 10', 'rolesysname10', 'description 10'),
(11, 'role name 11', 'rolesysname11', 'description 11'),
(12, 'role name 12', 'rolesysname12', 'description 12'),
(13, 'role name 13', 'rolesysname13', 'description 13'),
(14, 'role name 14', 'rolesysname14', 'description 14'),
(15, 'role name 15', 'rolesysname15', 'description 15');

insert into ref_refgroup(refgroupid, parentgroupid, groupname, groupsysname, description) values
(1, 0, 'ref group parent name 1', 'refgroupparentsysname1', 'description 1'),
(2, 1, 'ref group child name 2', 'refgroupchildsysname1', 'description 2'),
(3, 1, 'ref group child name 3', 'refgroupchildsysname2', 'description 3'),
(4, 1, 'ref group child name 4', 'refgroupchildsysname3', 'description 4'),
(5, 1, 'ref group child name 5', 'refgroupchildsysname4', 'description 5'),
(6, 0, 'ref group parent name 6', 'refgroupparentsysname6', 'description 6'),
(7, 6, 'ref group child name 7', 'refgroupchildsysname7', 'description 7'),
(8, 6, 'ref group child name 8', 'refgroupchildsysname8', 'description 8'),
(9, 6, 'ref group child name 9', 'refgroupchildsysname9', 'description 9'),
(10, 6, 'ref group child name 10', 'refgroupchildsysname10', 'description 10'),
(11, 0, 'ref group parent name 11', 'refgroupparentsysname11', 'description 11'),
(12, 11, 'ref group child name 12', 'refgroupchildsysname12', 'description 12'),
(13, 11, 'ref group child name 13', 'refgroupchildsysname13', 'description 13'),
(14, 11, 'ref group child name 14', 'refgroupchildsysname14', 'description 14'),
(15, 11, 'ref group child name 15', 'refgroupchildsysname15', 'description 15');

insert into ref_rolerefgrplink(linkid, refgroupid, roleid) values
(1, 1, 1),
(2, 2, 2),
(3, 3, 3),
(4, 4, 4),
(5, 5, 5),
(6, 6, 6),
(7, 7, 7),
(8, 8, 8),
(9, 9, 9),
(10, 10, 10),
(11, 11, 11),
(12, 12, 12),
(13, 13, 13),
(14, 14, 14),
(15, 15, 15);